# mass(in EndorMasses),Time Period(in EndorDays),Semimajor axis(in EndorRadii)
0.01,60.01,81.83725208227774
0.004,115.62,108.6725440056449
0.0033,237.53,143.72517778685554
0.0015,35.57,68.36259123617761
0.007,180.63,127.4211967596352
0.00089,359.89,167.6956387213479
0.076,76.5,91.27870054518102
0.021,10.48,39.248848858368454
0.0091,450.81,182.47157241679756
